year,league_type,league_name,gender,gender_label,level,area_name,flight,team_name,players_count_reported,top_six_reported,team_rating_reported,court_rating_reported,team_url,league_url,leaguefind_url
2026,3,Adult 55+,M,Men,3.5,Capital Area (Ral),Adult 55 & Over 3.5 Men,Br.Elder55A,15,3.39,3.24,3.23,https://www.tennisrecord.com/adult/teamprofile.aspx?teamname=Br.Elder55A&year=2026,https://www.tennisrecord.com/adult/league.aspx?flightname=3.5  Men&year=2026&s=4,https://www.tennisrecord.com/adult/league/leaguefind.aspx?year=2026&lt=3&sectionname=Southern&districtname=North+Carolina&areaname=Capital+Area+%28Ral%29&gender=M
2026,3,Adult 55+,M,Men,3.5,Capital Area (Ral),Adult 55 & Over 3.5 Men,Ch.Bricker55A,14,3.32,3.17,3.18,https://www.tennisrecord.com/adult/teamprofile.aspx?teamname=Ch.Bricker55A&year=2026,https://www.tennisrecord.com/adult/league.aspx?flightname=3.5  Men&year=2026&s=4,https://www.tennisrecord.com/adult/league/leaguefind.aspx?year=2026&lt=3&sectionname=Southern&districtname=North+Carolina&areaname=Capital+Area+%28Ral%29&gender=M
2026,3,Adult 55+,M,Men,3.5,Capital Area (Ral),Adult 55 & Over 3.5 Men,Da.Huffman55A,15,3.46,3.32,3.32,https://www.tennisrecord.com/adult/teamprofile.aspx?teamname=Da.Huffman55A&year=2026,https://www.tennisrecord.com/adult/league.aspx?flightname=3.5  Men&year=2026&s=4,https://www.tennisrecord.com/adult/league/leaguefind.aspx?year=2026&lt=3&sectionname=Southern&districtname=North+Carolina&areaname=Capital+Area+%28Ral%29&gender=M
2026,3,Adult 55+,M,Men,3.5,Capital Area (Ral),Adult 55 & Over 3.5 Men,Da.Swann55A,15,3.49,3.34,3.34,https://www.tennisrecord.com/adult/teamprofile.aspx?teamname=Da.Swann55A&year=2026,https://www.tennisrecord.com/adult/league.aspx?flightname=3.5  Men&year=2026&s=4,https://www.tennisrecord.com/adult/league/leaguefind.aspx?year=2026&lt=3&sectionname=Southern&districtname=North+Carolina&areaname=Capital+Area+%28Ral%29&gender=M
2026,3,Adult 55+,M,Men,3.5,Capital Area (Ral),Adult 55 & Over 3.5 Men,Gr.Knowles55A,12,3.4,3.26,3.27,https://www.tennisrecord.com/adult/teamprofile.aspx?teamname=Gr.Knowles55A&year=2026,https://www.tennisrecord.com/adult/league.aspx?flightname=3.5  Men&year=2026&s=4,https://www.tennisrecord.com/adult/league/leaguefind.aspx?year=2026&lt=3&sectionname=Southern&districtname=North+Carolina&areaname=Capital+Area+%28Ral%29&gender=M
2026,3,Adult 55+,M,Men,3.5,Capital Area (Ral),Adult 55 & Over 3.5 Men,Je.Miller55A,11,3.31,3.13,3.15,https://www.tennisrecord.com/adult/teamprofile.aspx?teamname=Je.Miller55A&year=2026,https://www.tennisrecord.com/adult/league.aspx?flightname=3.5  Men&year=2026&s=4,https://www.tennisrecord.com/adult/league/leaguefind.aspx?year=2026&lt=3&sectionname=Southern&districtname=North+Carolina&areaname=Capital+Area+%28Ral%29&gender=M
2026,3,Adult 55+,M,Men,3.5,Capital Area (Ral),Adult 55 & Over 3.5 Men,Jo.Cockerham55A,8,3.31,3.24,3.27,https://www.tennisrecord.com/adult/teamprofile.aspx?teamname=Jo.Cockerham55A&year=2026,https://www.tennisrecord.com/adult/league.aspx?flightname=3.5  Men&year=2026&s=4,https://www.tennisrecord.com/adult/league/leaguefind.aspx?year=2026&lt=3&sectionname=Southern&districtname=North+Carolina&areaname=Capital+Area+%28Ral%29&gender=M
2026,3,Adult 55+,M,Men,3.5,Capital Area (Ral),Adult 55 & Over 3.5 Men,Jo.Parham55A,13,3.45,3.33,3.36,https://www.tennisrecord.com/adult/teamprofile.aspx?teamname=Jo.Parham55A&year=2026,https://www.tennisrecord.com/adult/league.aspx?flightname=3.5  Men&year=2026&s=4,https://www.tennisrecord.com/adult/league/leaguefind.aspx?year=2026&lt=3&sectionname=Southern&districtname=North+Carolina&areaname=Capital+Area+%28Ral%29&gender=M
2026,3,Adult 55+,M,Men,3.5,Capital Area (Ral),Adult 55 & Over 3.5 Men,Ro.Boyle55A,14,3.36,3.27,3.27,https://www.tennisrecord.com/adult/teamprofile.aspx?teamname=Ro.Boyle55A&year=2026,https://www.tennisrecord.com/adult/league.aspx?flightname=3.5  Men&year=2026&s=4,https://www.tennisrecord.com/adult/league/leaguefind.aspx?year=2026&lt=3&sectionname=Southern&districtname=North+Carolina&areaname=Capital+Area+%28Ral%29&gender=M
2026,3,Adult 55+,M,Men,3.5,Capital Area (Ral),Adult 55 & Over 3.5 Men,To.Blevins55A,14,3.37,3.27,3.29,https://www.tennisrecord.com/adult/teamprofile.aspx?teamname=To.Blevins55A&year=2026,https://www.tennisrecord.com/adult/league.aspx?flightname=3.5  Men&year=2026&s=4,https://www.tennisrecord.com/adult/league/leaguefind.aspx?year=2026&lt=3&sectionname=Southern&districtname=North+Carolina&areaname=Capital+Area+%28Ral%29&gender=M
2026,3,Adult 55+,M,Men,3.5,Capital Area (Ral),Adult 55 & Over 3.5 Men,Wi.Turner55A,14,3.44,3.21,3.26,https://www.tennisrecord.com/adult/teamprofile.aspx?teamname=Wi.Turner55A&year=2026,https://www.tennisrecord.com/adult/league.aspx?flightname=3.5  Men&year=2026&s=4,https://www.tennisrecord.com/adult/league/leaguefind.aspx?year=2026&lt=3&sectionname=Southern&districtname=North+Carolina&areaname=Capital+Area+%28Ral%29&gender=M
2026,3,Adult 55+,M,Men,3.5,Central Carolina (Cary),Adult 55 & Over 3.5 Men,CAS.Pedersen,10,3.37,3.24,3.28,https://www.tennisrecord.com/adult/teamprofile.aspx?teamname=CAS.Pedersen&year=2026,https://www.tennisrecord.com/adult/league.aspx?flightname=Adult 55 %26 Over 3.5 Men&year=2026,https://www.tennisrecord.com/adult/league/leaguefind.aspx?year=2026&lt=3&sectionname=Southern&districtname=North+Carolina&areaname=Central+Carolina+%28Cary%29&gender=M
2026,3,Adult 55+,M,Men,3.5,Central Carolina (Cary),Adult 55 & Over 3.5 Men,KF.Hornbach,15,3.53,3.39,3.42,https://www.tennisrecord.com/adult/teamprofile.aspx?teamname=KF.Hornbach&year=2026,https://www.tennisrecord.com/adult/league.aspx?flightname=Adult 55 %26 Over 3.5 Men&year=2026,https://www.tennisrecord.com/adult/league/leaguefind.aspx?year=2026&lt=3&sectionname=Southern&districtname=North+Carolina&areaname=Central+Carolina+%28Cary%29&gender=M
2026,3,Adult 55+,M,Men,3.5,Central Carolina (Cary),Adult 55 & Over 3.5 Men,LOCH.Newsome,13,3.57,3.4,3.44,https://www.tennisrecord.com/adult/teamprofile.aspx?teamname=LOCH.Newsome&year=2026,https://www.tennisrecord.com/adult/league.aspx?flightname=Adult 55 %26 Over 3.5 Men&year=2026,https://www.tennisrecord.com/adult/league/leaguefind.aspx?year=2026&lt=3&sectionname=Southern&districtname=North+Carolina&areaname=Central+Carolina+%28Cary%29&gender=M
2026,3,Adult 55+,M,Men,3.5,Central Carolina (Cary),Adult 55 & Over 3.5 Men,NMAC.Daniel,9,3.26,3.16,3.18,https://www.tennisrecord.com/adult/teamprofile.aspx?teamname=NMAC.Daniel&year=2026,https://www.tennisrecord.com/adult/league.aspx?flightname=Adult 55 %26 Over 3.5 Men&year=2026,https://www.tennisrecord.com/adult/league/leaguefind.aspx?year=2026&lt=3&sectionname=Southern&districtname=North+Carolina&areaname=Central+Carolina+%28Cary%29&gender=M
2026,3,Adult 55+,M,Men,3.5,Central Carolina (Cary),Adult 55 & Over 3.5 Men,TOC.Horowitz,10,3.34,3.25,3.26,https://www.tennisrecord.com/adult/teamprofile.aspx?teamname=TOC.Horowitz&year=2026&s=2,https://www.tennisrecord.com/adult/league.aspx?flightname=Adult 55 %26 Over 3.5 Men&year=2026,https://www.tennisrecord.com/adult/league/leaguefind.aspx?year=2026&lt=3&sectionname=Southern&districtname=North+Carolina&areaname=Central+Carolina+%28Cary%29&gender=M
2026,3,Adult 55+,M,Men,3.5,Coastal Plains,Adult 55 & Over 3.5 Men,Baywood 3.5 55+,14,3.44,3.25,3.28,https://www.tennisrecord.com/adult/teamprofile.aspx?teamname=Baywood 3.5 55%2b&year=2026,https://www.tennisrecord.com/adult/league.aspx?flightname=3.5 MEN 55 %26 over&year=2026,https://www.tennisrecord.com/adult/league/leaguefind.aspx?year=2026&lt=3&sectionname=Southern&districtname=North+Carolina&areaname=Coastal+Plains&gender=M
2026,3,Adult 55+,M,Men,3.5,Coastal Plains,Adult 55 & Over 3.5 Men,EM-Whitley (55s 3.5M SP),9,3.41,3.34,3.34,https://www.tennisrecord.com/adult/teamprofile.aspx?teamname=EM-Whitley (55s 3.5M SP)&year=2026,https://www.tennisrecord.com/adult/league.aspx?flightname=3.5 MEN 55 %26 over&year=2026,https://www.tennisrecord.com/adult/league/leaguefind.aspx?year=2026&lt=3&sectionname=Southern&districtname=North+Carolina&areaname=Coastal+Plains&gender=M
2026,3,Adult 55+,M,Men,3.5,Coastal Plains,Adult 55 & Over 3.5 Men,GR-Taylor (55s 3.5M SP),12,3.43,3.29,3.33,https://www.tennisrecord.com/adult/teamprofile.aspx?teamname=GR-Taylor (55s 3.5M SP)&year=2026,https://www.tennisrecord.com/adult/league.aspx?flightname=3.5 MEN 55 %26 over&year=2026,https://www.tennisrecord.com/adult/league/leaguefind.aspx?year=2026&lt=3&sectionname=Southern&districtname=North+Carolina&areaname=Coastal+Plains&gender=M
2026,3,Adult 55+,M,Men,3.5,Coastal Plains,Adult 55 & Over 3.5 Men,RB - Kool Kidz,10,3.34,3.19,3.22,https://www.tennisrecord.com/adult/teamprofile.aspx?teamname=RB - Kool Kidz&year=2026,https://www.tennisrecord.com/adult/league.aspx?flightname=3.5 MEN 55 %26 over&year=2026,https://www.tennisrecord.com/adult/league/leaguefind.aspx?year=2026&lt=3&sectionname=Southern&districtname=North+Carolina&areaname=Coastal+Plains&gender=M
2026,3,Adult 55+,M,Men,3.5,Eno River (Dur),Adult 55 & Over 3.5 Men,GGlish55-CHTC,13,3.4,3.31,3.33,https://www.tennisrecord.com/adult/teamprofile.aspx?teamname=GGlish55-CHTC&year=2026,https://www.tennisrecord.com/adult/league.aspx?flightname=55 Over Adult 3.5 Men Evening&year=2026,https://www.tennisrecord.com/adult/league/leaguefind.aspx?year=2026&lt=3&sectionname=Southern&districtname=North+Carolina&areaname=Eno+River+%28Dur%29&gender=M
2026,3,Adult 55+,M,Men,3.5,Eno River (Dur),Adult 55 & Over 3.5 Men,MHolt-HS,11,3.33,3.27,3.27,https://www.tennisrecord.com/adult/teamprofile.aspx?teamname=MHolt-HS&year=2026,https://www.tennisrecord.com/adult/league.aspx?flightname=55 Over Adult 3.5 Men Evening&year=2026,https://www.tennisrecord.com/adult/league/leaguefind.aspx?year=2026&lt=3&sectionname=Southern&districtname=North+Carolina&areaname=Eno+River+%28Dur%29&gender=M
2026,3,Adult 55+,M,Men,3.5,Eno River (Dur),Adult 55 & Over 3.5 Men,NBuckley-HR,14,3.4,3.25,3.26,https://www.tennisrecord.com/adult/teamprofile.aspx?teamname=NBuckley-HR&year=2026,https://www.tennisrecord.com/adult/league.aspx?flightname=55 Over Adult 3.5 Men Evening&year=2026,https://www.tennisrecord.com/adult/league/leaguefind.aspx?year=2026&lt=3&sectionname=Southern&districtname=North+Carolina&areaname=Eno+River+%28Dur%29&gender=M
2026,3,Adult 55+,M,Men,3.5,Eno River (Dur),Adult 55 & Over 3.5 Men,RGildehaus-YMCA,14,3.47,3.36,3.39,https://www.tennisrecord.com/adult/teamprofile.aspx?teamname=RGildehaus-YMCA&year=2026&s=2,https://www.tennisrecord.com/adult/league.aspx?flightname=55 Over Adult 3.5 Men Evening&year=2026,https://www.tennisrecord.com/adult/league/leaguefind.aspx?year=2026&lt=3&sectionname=Southern&districtname=North+Carolina&areaname=Eno+River+%28Dur%29&gender=M
2026,3,Adult 55+,M,Men,3.5,Eno River (Dur),Adult 55 & Over 3.5 Men,RKern-CHTC,12,3.19,3.08,3.09,https://www.tennisrecord.com/adult/teamprofile.aspx?teamname=RKern-CHTC&year=2026,https://www.tennisrecord.com/adult/league.aspx?flightname=55 Over Adult 3.5 Men Evening&year=2026,https://www.tennisrecord.com/adult/league/leaguefind.aspx?year=2026&lt=3&sectionname=Southern&districtname=North+Carolina&areaname=Eno+River+%28Dur%29&gender=M
2026,3,Adult 55+,M,Men,3.5,Eno River (Dur),Adult 55 & Over 3.5 Men,SClark-DUR,12,3.3,3.2,3.21,https://www.tennisrecord.com/adult/teamprofile.aspx?teamname=SClark-DUR&year=2026,https://www.tennisrecord.com/adult/league.aspx?flightname=55 Over Adult 3.5 Men Evening&year=2026,https://www.tennisrecord.com/adult/league/leaguefind.aspx?year=2026&lt=3&sectionname=Southern&districtname=North+Carolina&areaname=Eno+River+%28Dur%29&gender=M
2026,3,Adult 55+,M,Men,3.5,Foothills (Hky),Adult 55 & Over 3.5 Men,Mozingo-Womack/PC/Foothills,9,3.31,3.25,3.25,https://www.tennisrecord.com/adult/teamprofile.aspx?teamname=Mozingo-Womack%2fPC%2fFoothills&year=2026,https://www.tennisrecord.com/adult/league.aspx?flightname=Men 3.5&year=2026&s=38,https://www.tennisrecord.com/adult/league/leaguefind.aspx?year=2026&lt=3&sectionname=Southern&districtname=North+Carolina&areaname=Foothills+%28Hky%29&gender=M
2026,3,Adult 55+,M,Men,3.5,Foothills (Hky),Adult 55 & Over 3.5 Men,Qualifier Team,9,3.12,3.04,3.04,https://www.tennisrecord.com/adult/teamprofile.aspx?teamname=Qualifier Team&year=2026,https://www.tennisrecord.com/adult/league.aspx?flightname=Men 3.5&year=2026&s=38,https://www.tennisrecord.com/adult/league/leaguefind.aspx?year=2026&lt=3&sectionname=Southern&districtname=North+Carolina&areaname=Foothills+%28Hky%29&gender=M
2026,3,Adult 55+,M,Men,3.5,Lake Norman,Adult 55 & Over 3.5 Men,LACH-Chapman/PAC,11,3.25,3.11,3.1,https://www.tennisrecord.com/adult/teamprofile.aspx?teamname=LACH-Chapman%2fPAC&year=2026,https://www.tennisrecord.com/adult/league.aspx?subflightname=M 3.5 Wed PM&year=2026,https://www.tennisrecord.com/adult/league/leaguefind.aspx?year=2026&lt=3&sectionname=Southern&districtname=North+Carolina&areaname=Lake+Norman&gender=M
2026,3,Adult 55+,M,Men,3.5,Lake Norman,Adult 55 & Over 3.5 Men,LARU-Rummelsburg/Peninsula Club,13,3.46,3.3,3.28,https://www.tennisrecord.com/adult/teamprofile.aspx?teamname=LARU-Rummelsburg%2fPeninsula Club&year=2026,https://www.tennisrecord.com/adult/league.aspx?subflightname=M 3.5 Wed PM&year=2026,https://www.tennisrecord.com/adult/league/leaguefind.aspx?year=2026&lt=3&sectionname=Southern&districtname=North+Carolina&areaname=Lake+Norman&gender=M
2026,3,Adult 55+,M,Men,3.5,Lake Norman,Adult 55 & Over 3.5 Men,LJFR-Franck/Westport 55s 3.5,12,3.35,3.23,3.23,https://www.tennisrecord.com/adult/teamprofile.aspx?teamname=LJFR-Franck%2fWestport 55s 3.5&year=2026,https://www.tennisrecord.com/adult/league.aspx?subflightname=M 3.5 Wed PM&year=2026,https://www.tennisrecord.com/adult/league/leaguefind.aspx?year=2026&lt=3&sectionname=Southern&districtname=North+Carolina&areaname=Lake+Norman&gender=M
2026,3,Adult 55+,M,Men,3.5,Lake Norman,Adult 55 & Over 3.5 Men,LKHA-Harris/Bailey/3.5 55+,11,3.52,3.42,3.44,https://www.tennisrecord.com/adult/teamprofile.aspx?teamname=LKHA-Harris%2fBailey%2f3.5 55%2b&year=2026,https://www.tennisrecord.com/adult/league.aspx?subflightname=M 3.5 Wed PM&year=2026,https://www.tennisrecord.com/adult/league/leaguefind.aspx?year=2026&lt=3&sectionname=Southern&districtname=North+Carolina&areaname=Lake+Norman&gender=M
2026,3,Adult 55+,M,Men,3.5,Lake Norman,Adult 55 & Over 3.5 Men,LKWO-Womack/Caldwell,11,3.3,3.21,3.22,https://www.tennisrecord.com/adult/teamprofile.aspx?teamname=LKWO-Womack%2fCaldwell&year=2026,https://www.tennisrecord.com/adult/league.aspx?subflightname=M 3.5 Wed PM&year=2026,https://www.tennisrecord.com/adult/league/leaguefind.aspx?year=2026&lt=3&sectionname=Southern&districtname=North+Carolina&areaname=Lake+Norman&gender=M
2026,3,Adult 55+,M,Men,3.5,Lake Norman,Adult 55 & Over 3.5 Men,LRAG-Age/Peninsula,12,3.39,3.26,3.25,https://www.tennisrecord.com/adult/teamprofile.aspx?teamname=LRAG-Age%2fPeninsula&year=2026,https://www.tennisrecord.com/adult/league.aspx?subflightname=M 3.5 Wed PM&year=2026,https://www.tennisrecord.com/adult/league/leaguefind.aspx?year=2026&lt=3&sectionname=Southern&districtname=North+Carolina&areaname=Lake+Norman&gender=M
2026,3,Adult 55+,M,Men,3.5,Lake Norman,Adult 55 & Over 3.5 Men,LSDA-Dagley/Westport,11,3.5,3.43,3.43,https://www.tennisrecord.com/adult/teamprofile.aspx?teamname=LSDA-Dagley%2fWestport&year=2026,https://www.tennisrecord.com/adult/league.aspx?subflightname=M 3.5 Wed PM&year=2026,https://www.tennisrecord.com/adult/league/leaguefind.aspx?year=2026&lt=3&sectionname=Southern&districtname=North+Carolina&areaname=Lake+Norman&gender=M
2026,3,Adult 55+,M,Men,3.5,Metro (Chl),Adult 55 & Over 3.5 Men,DBrantmeyer (Park Road),13,3.57,3.48,3.47,https://www.tennisrecord.com/adult/teamprofile.aspx?teamname=DBrantmeyer (Park Road)&year=2026,https://www.tennisrecord.com/adult/league.aspx?flightname=55 %26 Over Adult 3.5 Men - Tues PM&year=2026,https://www.tennisrecord.com/adult/league/leaguefind.aspx?year=2026&lt=3&sectionname=Southern&districtname=North+Carolina&areaname=Metro+%28Chl%29&gender=M
2026,3,Adult 55+,M,Men,3.5,Metro (Chl),Adult 55 & Over 3.5 Men,EHuggins/IClarke (River Hills Country Club),10,3.21,3.12,3.14,https://www.tennisrecord.com/adult/teamprofile.aspx?teamname=EHuggins%2fIClarke (River Hills Country Club)&year=2026,https://www.tennisrecord.com/adult/league.aspx?flightname=55 %26 Over Adult 3.5 Men - Tues PM&year=2026,https://www.tennisrecord.com/adult/league/leaguefind.aspx?year=2026&lt=3&sectionname=Southern&districtname=North+Carolina&areaname=Metro+%28Chl%29&gender=M
2026,3,Adult 55+,M,Men,3.5,Metro (Chl),Adult 55 & Over 3.5 Men,GQuattlebaum (OPRC),14,3.46,3.23,3.29,https://www.tennisrecord.com/adult/teamprofile.aspx?teamname=GQuattlebaum (OPRC)&year=2026,https://www.tennisrecord.com/adult/league.aspx?flightname=55 %26 Over Adult 3.5 Men - Tues PM&year=2026,https://www.tennisrecord.com/adult/league/leaguefind.aspx?year=2026&lt=3&sectionname=Southern&districtname=North+Carolina&areaname=Metro+%28Chl%29&gender=M
2026,3,Adult 55+,M,Men,3.5,Metro (Chl),Adult 55 & Over 3.5 Men,JBoyles (Pine Lake),10,3.35,3.18,3.19,https://www.tennisrecord.com/adult/teamprofile.aspx?teamname=JBoyles (Pine Lake)&year=2026,https://www.tennisrecord.com/adult/league.aspx?flightname=55 %26 Over Adult 3.5 Men - Tues PM&year=2026,https://www.tennisrecord.com/adult/league/leaguefind.aspx?year=2026&lt=3&sectionname=Southern&districtname=North+Carolina&areaname=Metro+%28Chl%29&gender=M
2026,3,Adult 55+,M,Men,3.5,Metro (Chl),Adult 55 & Over 3.5 Men,JMorse/RTownsend (JCC),11,3.29,3.17,3.21,https://www.tennisrecord.com/adult/teamprofile.aspx?teamname=JMorse%2fRTownsend (JCC)&year=2026&s=2,https://www.tennisrecord.com/adult/league.aspx?flightname=55 %26 Over Adult 3.5 Men - Tues PM&year=2026,https://www.tennisrecord.com/adult/league/leaguefind.aspx?year=2026&lt=3&sectionname=Southern&districtname=North+Carolina&areaname=Metro+%28Chl%29&gender=M
2026,3,Adult 55+,M,Men,3.5,Metro (Chl),Adult 55 & Over 3.5 Men,KFox/Myers (Blakeney),11,3.32,3.2,3.21,https://www.tennisrecord.com/adult/teamprofile.aspx?teamname=KFox%2fMyers (Blakeney)&year=2026,https://www.tennisrecord.com/adult/league.aspx?flightname=55 %26 Over Adult 3.5 Men - Tues PM&year=2026,https://www.tennisrecord.com/adult/league/leaguefind.aspx?year=2026&lt=3&sectionname=Southern&districtname=North+Carolina&areaname=Metro+%28Chl%29&gender=M
2026,3,Adult 55+,M,Men,3.5,Metro (Chl),Adult 55 & Over 3.5 Men,KStaley (WSRC),11,3.26,3.15,3.17,https://www.tennisrecord.com/adult/teamprofile.aspx?teamname=KStaley (WSRC)&year=2026,https://www.tennisrecord.com/adult/league.aspx?flightname=55 %26 Over Adult 3.5 Men - Tues PM&year=2026,https://www.tennisrecord.com/adult/league/leaguefind.aspx?year=2026&lt=3&sectionname=Southern&districtname=North+Carolina&areaname=Metro+%28Chl%29&gender=M
2026,3,Adult 55+,M,Men,3.5,Metro (Chl),Adult 55 & Over 3.5 Men,MFresina (Raintree),16,3.3,3.15,3.22,https://www.tennisrecord.com/adult/teamprofile.aspx?teamname=MFresina (Raintree)&year=2026,https://www.tennisrecord.com/adult/league.aspx?flightname=55 %26 Over Adult 3.5 Men - Tues PM&year=2026,https://www.tennisrecord.com/adult/league/leaguefind.aspx?year=2026&lt=3&sectionname=Southern&districtname=North+Carolina&areaname=Metro+%28Chl%29&gender=M
2026,3,Adult 55+,M,Men,3.5,Metro (Chl),Adult 55 & Over 3.5 Men,MRousseaux (WSRC),14,3.47,3.38,3.39,https://www.tennisrecord.com/adult/teamprofile.aspx?teamname=MRousseaux (WSRC)&year=2026,https://www.tennisrecord.com/adult/league.aspx?flightname=55 %26 Over Adult 3.5 Men - Tues PM&year=2026,https://www.tennisrecord.com/adult/league/leaguefind.aspx?year=2026&lt=3&sectionname=Southern&districtname=North+Carolina&areaname=Metro+%28Chl%29&gender=M
2026,3,Adult 55+,M,Men,3.5,Metro (Chl),Adult 55 & Over 3.5 Men,RCummings (Carmel),14,3.18,3.03,3.09,https://www.tennisrecord.com/adult/teamprofile.aspx?teamname=RCummings (Carmel)&year=2026,https://www.tennisrecord.com/adult/league.aspx?flightname=55 %26 Over Adult 3.5 Men - Tues PM&year=2026,https://www.tennisrecord.com/adult/league/leaguefind.aspx?year=2026&lt=3&sectionname=Southern&districtname=North+Carolina&areaname=Metro+%28Chl%29&gender=M
2026,3,Adult 55+,M,Men,3.5,Metro (Chl),Adult 55 & Over 3.5 Men,RLinder/SPolacek (Life Time),13,3.44,3.3,3.39,https://www.tennisrecord.com/adult/teamprofile.aspx?teamname=RLinder%2fSPolacek (Life Time)&year=2026,https://www.tennisrecord.com/adult/league.aspx?flightname=55 %26 Over Adult 3.5 Men - Tues PM&year=2026,https://www.tennisrecord.com/adult/league/leaguefind.aspx?year=2026&lt=3&sectionname=Southern&districtname=North+Carolina&areaname=Metro+%28Chl%29&gender=M
2026,3,Adult 55+,M,Men,3.5,Piedmont (GSO/HP),Adult 55 & Over 3.5 Men,Bellas 55s 3.5M Mon PM,10,3.33,3.23,3.25,https://www.tennisrecord.com/adult/teamprofile.aspx?teamname=Bellas 55s 3.5M Mon PM&year=2026,https://www.tennisrecord.com/adult/league.aspx?flightname=MEN 3.5 55 %26 Over Mon PM&year=2026,https://www.tennisrecord.com/adult/league/leaguefind.aspx?year=2026&lt=3&sectionname=Southern&districtname=North+Carolina&areaname=Piedmont+%28GSO%2FHP%29&gender=M
2026,3,Adult 55+,M,Men,3.5,Piedmont (GSO/HP),Adult 55 & Over 3.5 Men,Chamberlin 55s 3.5M Mon PM,11,3.42,3.32,3.31,https://www.tennisrecord.com/adult/teamprofile.aspx?teamname=Chamberlin 55s 3.5M Mon PM&year=2026,https://www.tennisrecord.com/adult/league.aspx?flightname=MEN 3.5 55 %26 Over Mon PM&year=2026,https://www.tennisrecord.com/adult/league/leaguefind.aspx?year=2026&lt=3&sectionname=Southern&districtname=North+Carolina&areaname=Piedmont+%28GSO%2FHP%29&gender=M
2026,3,Adult 55+,M,Men,3.5,Piedmont (GSO/HP),Adult 55 & Over 3.5 Men,Clutts/GRETA 55s 3.5M Mon PM,10,3.22,3.02,3.04,https://www.tennisrecord.com/adult/teamprofile.aspx?teamname=Clutts%2fGRETA 55s 3.5M Mon PM&year=2026,https://www.tennisrecord.com/adult/league.aspx?flightname=MEN 3.5 55 %26 Over Mon PM&year=2026,https://www.tennisrecord.com/adult/league/leaguefind.aspx?year=2026&lt=3&sectionname=Southern&districtname=North+Carolina&areaname=Piedmont+%28GSO%2FHP%29&gender=M
2026,3,Adult 55+,M,Men,3.5,Piedmont (GSO/HP),Adult 55 & Over 3.5 Men,Dover 55s 3.5M Mon PM,15,3.59,3.5,3.51,https://www.tennisrecord.com/adult/teamprofile.aspx?teamname=Dover 55s 3.5M Mon PM&year=2026,https://www.tennisrecord.com/adult/league.aspx?flightname=MEN 3.5 55 %26 Over Mon PM&year=2026,https://www.tennisrecord.com/adult/league/leaguefind.aspx?year=2026&lt=3&sectionname=Southern&districtname=North+Carolina&areaname=Piedmont+%28GSO%2FHP%29&gender=M
2026,3,Adult 55+,M,Men,3.5,Piedmont (GSO/HP),Adult 55 & Over 3.5 Men,Eaton/Moore 55s 3.5M Mon PM,13,3.44,3.26,3.28,https://www.tennisrecord.com/adult/teamprofile.aspx?teamname=Eaton%2fMoore 55s 3.5M Mon PM&year=2026,https://www.tennisrecord.com/adult/league.aspx?flightname=MEN 3.5 55 %26 Over Mon PM&year=2026,https://www.tennisrecord.com/adult/league/leaguefind.aspx?year=2026&lt=3&sectionname=Southern&districtname=North+Carolina&areaname=Piedmont+%28GSO%2FHP%29&gender=M
2026,3,Adult 55+,M,Men,3.5,Piedmont (GSO/HP),Adult 55 & Over 3.5 Men,Pretzsch 55s 3.5M Mon PM,12,3.22,3.11,3.12,https://www.tennisrecord.com/adult/teamprofile.aspx?teamname=Pretzsch 55s 3.5M Mon PM&year=2026,https://www.tennisrecord.com/adult/league.aspx?flightname=MEN 3.5 55 %26 Over Mon PM&year=2026,https://www.tennisrecord.com/adult/league/leaguefind.aspx?year=2026&lt=3&sectionname=Southern&districtname=North+Carolina&areaname=Piedmont+%28GSO%2FHP%29&gender=M
2026,3,Adult 55+,M,Men,3.5,Piedmont (GSO/HP),Adult 55 & Over 3.5 Men,Schneiderman 55s 3.5M Mon PM,13,3.27,3.17,3.17,https://www.tennisrecord.com/adult/teamprofile.aspx?teamname=Schneiderman 55s 3.5M Mon PM&year=2026,https://www.tennisrecord.com/adult/league.aspx?flightname=MEN 3.5 55 %26 Over Mon PM&year=2026,https://www.tennisrecord.com/adult/league/leaguefind.aspx?year=2026&lt=3&sectionname=Southern&districtname=North+Carolina&areaname=Piedmont+%28GSO%2FHP%29&gender=M
2026,3,Adult 55+,M,Men,3.5,Piedmont (GSO/HP),Adult 55 & Over 3.5 Men,Stearns 55s 3.5M Mon PM,9,3.22,3.13,3.12,https://www.tennisrecord.com/adult/teamprofile.aspx?teamname=Stearns 55s 3.5M Mon PM&year=2026,https://www.tennisrecord.com/adult/league.aspx?flightname=MEN 3.5 55 %26 Over Mon PM&year=2026,https://www.tennisrecord.com/adult/league/leaguefind.aspx?year=2026&lt=3&sectionname=Southern&districtname=North+Carolina&areaname=Piedmont+%28GSO%2FHP%29&gender=M
2026,3,Adult 55+,M,Men,3.5,South East (Wilm),Adult 55 & Over 3.5 Men,Johnson /Consoletti,12,3.24,3.13,3.14,https://www.tennisrecord.com/adult/teamprofile.aspx?teamname=Johnson %2fConsoletti&year=2026,https://www.tennisrecord.com/adult/league.aspx?flightname=MEN 3.5&year=2026&s=48,https://www.tennisrecord.com/adult/league/leaguefind.aspx?year=2026&lt=3&sectionname=Southern&districtname=North+Carolina&areaname=South+East+%28Wilm%29&gender=M
2026,3,Adult 55+,M,Men,3.5,South East (Wilm),Adult 55 & Over 3.5 Men,Kon/Nguyen,13,3.42,3.31,3.34,https://www.tennisrecord.com/adult/teamprofile.aspx?teamname=Kon%2fNguyen&year=2026,https://www.tennisrecord.com/adult/league.aspx?flightname=MEN 3.5&year=2026&s=48,https://www.tennisrecord.com/adult/league/leaguefind.aspx?year=2026&lt=3&sectionname=Southern&districtname=North+Carolina&areaname=South+East+%28Wilm%29&gender=M
2026,3,Adult 55+,M,Men,3.5,South East (Wilm),Adult 55 & Over 3.5 Men,Kysely Spring 26,11,3.28,3.16,3.19,https://www.tennisrecord.com/adult/teamprofile.aspx?teamname=Kysely Spring 26&year=2026,https://www.tennisrecord.com/adult/league.aspx?flightname=MEN 3.5&year=2026&s=48,https://www.tennisrecord.com/adult/league/leaguefind.aspx?year=2026&lt=3&sectionname=Southern&districtname=North+Carolina&areaname=South+East+%28Wilm%29&gender=M
2026,3,Adult 55+,M,Men,3.5,South East (Wilm),Adult 55 & Over 3.5 Men,MEISSNER/WILSON DAY,16,3.53,3.37,3.46,https://www.tennisrecord.com/adult/teamprofile.aspx?teamname=MEISSNER%2fWILSON DAY&year=2026,https://www.tennisrecord.com/adult/league.aspx?flightname=MEN 3.5&year=2026&s=48,https://www.tennisrecord.com/adult/league/leaguefind.aspx?year=2026&lt=3&sectionname=Southern&districtname=North+Carolina&areaname=South+East+%28Wilm%29&gender=M
2026,3,Adult 55+,M,Men,3.5,South East (Wilm),Adult 55 & Over 3.5 Men,Melcher/Poole BF,11,3.33,3.19,3.24,https://www.tennisrecord.com/adult/teamprofile.aspx?teamname=Melcher%2fPoole BF&year=2026,https://www.tennisrecord.com/adult/league.aspx?flightname=MEN 3.5&year=2026&s=48,https://www.tennisrecord.com/adult/league/leaguefind.aspx?year=2026&lt=3&sectionname=Southern&districtname=North+Carolina&areaname=South+East+%28Wilm%29&gender=M
2026,3,Adult 55+,M,Men,3.5,South East (Wilm),Adult 55 & Over 3.5 Men,O'Connor / Baxter,14,3.45,3.27,3.28,https://www.tennisrecord.com/adult/teamprofile.aspx?teamname=O%27Connor %2f Baxter&year=2026,https://www.tennisrecord.com/adult/league.aspx?flightname=MEN 3.5&year=2026&s=48,https://www.tennisrecord.com/adult/league/leaguefind.aspx?year=2026&lt=3&sectionname=Southern&districtname=North+Carolina&areaname=South+East+%28Wilm%29&gender=M
2026,3,Adult 55+,M,Men,3.5,South East (Wilm),Adult 55 & Over 3.5 Men,Richez CP,14,3.47,3.31,3.35,https://www.tennisrecord.com/adult/teamprofile.aspx?teamname=Richez CP&year=2026,https://www.tennisrecord.com/adult/league.aspx?flightname=MEN 3.5&year=2026&s=48,https://www.tennisrecord.com/adult/league/leaguefind.aspx?year=2026&lt=3&sectionname=Southern&districtname=North+Carolina&areaname=South+East+%28Wilm%29&gender=M
2026,3,Adult 55+,M,Men,3.5,South East (Wilm),Adult 55 & Over 3.5 Men,Scordato 55+,12,3.36,3.21,3.27,https://www.tennisrecord.com/adult/teamprofile.aspx?teamname=Scordato 55%2b&year=2026,https://www.tennisrecord.com/adult/league.aspx?flightname=MEN 3.5&year=2026&s=48,https://www.tennisrecord.com/adult/league/leaguefind.aspx?year=2026&lt=3&sectionname=Southern&districtname=North+Carolina&areaname=South+East+%28Wilm%29&gender=M
2026,3,Adult 55+,M,Men,3.5,Western NC (Mtn),Adult 55 & Over 3.5 Men,WNCA Seres (Peachtree),8,3.44,3.37,3.37,https://www.tennisrecord.com/adult/teamprofile.aspx?teamname=WNCA Seres (Peachtree)&year=2026,https://www.tennisrecord.com/adult/league.aspx?flightname=55%2b Adult Men 3.5 Sun&year=2026,https://www.tennisrecord.com/adult/league/leaguefind.aspx?year=2026&lt=3&sectionname=Southern&districtname=North+Carolina&areaname=Western+NC+%28Mtn%29&gender=M
2026,3,Adult 55+,M,Men,3.5,Western NC (Mtn),Adult 55 & Over 3.5 Men,WNCC Winn (HRC),10,3.38,3.32,3.32,https://www.tennisrecord.com/adult/teamprofile.aspx?teamname=WNCC Winn (HRC)&year=2026,https://www.tennisrecord.com/adult/league.aspx?flightname=55%2b Adult Men 3.5 Sun&year=2026,https://www.tennisrecord.com/adult/league/leaguefind.aspx?year=2026&lt=3&sectionname=Southern&districtname=North+Carolina&areaname=Western+NC+%28Mtn%29&gender=M
2026,3,Adult 55+,M,Men,3.5,Western NC (Mtn),Adult 55 & Over 3.5 Men,WNCG Handrahan (Connestee Falls),10,3.45,3.26,3.27,https://www.tennisrecord.com/adult/teamprofile.aspx?teamname=WNCG Handrahan (Connestee Falls)&year=2026,https://www.tennisrecord.com/adult/league.aspx?flightname=55%2b Adult Men 3.5 Sun&year=2026,https://www.tennisrecord.com/adult/league/leaguefind.aspx?year=2026&lt=3&sectionname=Southern&districtname=North+Carolina&areaname=Western+NC+%28Mtn%29&gender=M
2026,3,Adult 55+,M,Men,3.5,Western NC (Mtn),Adult 55 & Over 3.5 Men,WNCJ Carrington (HRC),12,3.43,3.24,3.29,https://www.tennisrecord.com/adult/teamprofile.aspx?teamname=WNCJ Carrington (HRC)&year=2026&s=2,https://www.tennisrecord.com/adult/league.aspx?flightname=55%2b Adult Men 3.5 Sun&year=2026,https://www.tennisrecord.com/adult/league/leaguefind.aspx?year=2026&lt=3&sectionname=Southern&districtname=North+Carolina&areaname=Western+NC+%28Mtn%29&gender=M
2026,3,Adult 55+,M,Men,3.5,Western NC (Mtn),Adult 55 & Over 3.5 Men,WNCK Brownfield (ARC South),13,3.51,3.38,3.4,https://www.tennisrecord.com/adult/teamprofile.aspx?teamname=WNCK Brownfield (ARC South)&year=2026,https://www.tennisrecord.com/adult/league.aspx?flightname=55%2b Adult Men 3.5 Sun&year=2026,https://www.tennisrecord.com/adult/league/leaguefind.aspx?year=2026&lt=3&sectionname=Southern&districtname=North+Carolina&areaname=Western+NC+%28Mtn%29&gender=M
